first_author,year,date,journal,disease,url,pmid,brain_region,enriched,n_cells,n_subjects,n_controls,n_cases,notes
Adams,2024,3/15/2024,Nature Aging,Parkinson's Disease,https://pubmed.ncbi.nlm.nih.gov/38491288/,38491288,Substantia Nigra,,69289,31,17,14,
Al-Dalahmah,2020,2/18/2020,Acta Neuropathologica Communications,Huntington's Disease,https://pmc.ncbi.nlm.nih.gov/articles/PMC7029580/,32070434,Cingulate Cortex,,5199,4,2,2,"Focused on astrocytes, but saw significant differenecs in all cells; Did some bulk RNAseq as well as snRNAseq"
Batiuk,2022,10/12/2022,Science Advances,Schizophrenia,https://pubmed.ncbi.nlm.nih.gov/36223459/,36223459,Prefrontal Cortex,,209053,23,14,9,
Brase,2021,12/2/2021,medRxiv,Alzheimer's Disease,https://www.medrxiv.org/content/10.1101/2021.11.30.21267072v1.full-text,,Parietal Cortex,,1102459,67,9,58,"The current link is the preprint. 16 autosomal dominant AD, 19 have AD risk variants, 16 without carriers of their variants, 3"
Brase,2023,4/21/2023,Nature Communications,Alzheimer's Disease,https://pubmed.ncbi.nlm.nih.gov/37085492/,37085492,Parietal Cortex,,294114,67,9,58,"16 carriers of autosomal dominant pathogenic mutations, 31 sporadic AD non-carriers of risk-modifying variants, 3 with AD neuropathology but no cognitive impairment, 8 with non-AD neurodegenerative pathology, 9 control"
Brenner,2020,3/6/2020,Human Molecular Genetics,Alcoholism,https://pmc.ncbi.nlm.nih.gov/articles/PMC7206851/,32142123,Prefrontal Cortex,,16305,7,4,3,
Cain,2023,6/19/2023,Nature Neuroscience,Alzheimer's Disease,https://pubmed.ncbi.nlm.nih.gov/37336975/,37336975,Prefrontal Cortex,,172659,24,12,12,Title (in case the link doesnt work): Multicellular communities are perturbed in the aging human brain and Alzheimerâ€™s disease. This used ROSMAP
Daskalakis,2024,5/24/2024,Science,Cross-Disorder (Psychiatric),https://pubmed.ncbi.nlm.nih.gov/38781393/,38781393,Prefrontal Cortex,,530226,118,50,68,"PTSD, MDD. This is multiomic but includes snRNA-seq. 16 PTSD, 42 MDD"
Davila-Velderrain,2021,7/1/2021,bioRxiv,Alzheimer's Disease,https://www.biorxiv.org/content/10.1101/2021.07.01.450715v1.full,,"Hippocampus, Entorhinal Region",,489558,65,34,31,The current link is the preprint
Del-Aguila,2019,8/9/2019,Alzheimer's Research & Therapy,Alzheimer's Disease,https://pubmed.ncbi.nlm.nih.gov/31399126/,31399126,Parietal Lobe,,26331,3,0,3,No controls
Emani,2024,5/24/2024,Science,Cross-Disorder (Neurodegenerative and Psychiatric),https://pubmed.ncbi.nlm.nih.gov/38781369/,38781369,Prefrontal Cortex,,2800000,388,182,206,"SCZ, BP, ASD, AD. Neuropsychiatric disorders"
Frohlich,2024,9/3/2024,Nature Neuroscience,Cross-Disorder (Neurodegenerative and Psychiatric),https://pubmed.ncbi.nlm.nih.gov/39227716/,39227716,Orbitofrontal Cortex,,800000,87,33,54,"Various Disorders, including but not limited to: AD, PD, SCZ, ASD, Alcoholism, Epilepsy, TLE, MS, BP"
Fujita,2024,3/21/2024,Nature Genetics,Alzheimer's Disease,https://pubmed.ncbi.nlm.nih.gov/38514782/,38514782,Neocortex,,1509626,424,,,"34% cognitively nonimpaired, 26% mild impaired, 40% dementia"
Fullard,2021,7/19/2021,Genome Medicine,COVID-19,https://pubmed.ncbi.nlm.nih.gov/34281603/,34281603,"Prefrontal Cortex, Medulla, Choroid Plexus",,46560,9,4,5,
Gabitto,2024,10/14/2024,Nature Neuroscience,Alzheimer's Disease,https://pubmed.ncbi.nlm.nih.gov/39402379/,39402379,Middle Temporal Gyrus,,3400000,84,,,"The individuals have a spectrum of AD pathologies, see Fig 1. Multiomics"
Galvao,2024,12/20/2024,iScience,Focal Cortical Dysplasia,https://pubmed.ncbi.nlm.nih.gov/39640563/,39640563,Cortex,,61525,11,2,9,"3 have FCD IIa, 6 have FCD IIb"
Gerrits,2021,2/20/2021,Acta Neuropathologica,Alzheimer's Disease,https://pubmed.ncbi.nlm.nih.gov/33609158/,33609158,"Occipital Cortex, Occipitotemporal Cortex",,482472,18,8,10,
Green,2024,8/28/2024,Nature,Alzheimer's Disease,https://pubmed.ncbi.nlm.nih.gov/39198642/,39198642,Prefrontal Cortex,,1649672,437,,,"Used ROSMAP participants. Participants varied across NCI, MCI, MIC and other, AD, AD and other, Other"
Grubman,2019,11/25/2019,Nature Neuroscience,Alzheimer's Disease,https://pubmed.ncbi.nlm.nih.gov/31768052/,31768052,Entorhinal Cortex,,13214,12,6,6,
Herrero,2020,5/27/2020,Molecular Autism,Autism Spectrum Disorder,https://pubmed.ncbi.nlm.nih.gov/32460837/,32460837,Amygdala,,12289,10,5,5,"Along with their own dissections, they also did some data mining for ASD susceptibility genes. This used the Sorrells et al dataset but focused on AD, whiel Sorrells et al only looked at developmental stages"
Hoffman,2023,5/2/2023,Research Square (preprint),Alzheimer's Disease,https://pubmed.ncbi.nlm.nih.gov/36993704/,36993704,Prefrontal Cortex,,1400000,299,149,150,
Hoffman,2024,12/11/2024,Research Square,Cross-Disorder (Neurodegenerative and Psychiatric),https://pubmed.ncbi.nlm.nih.gov/39711543/,39711543,Prefrontal Cortex,,5600000,1384,,,"This is a preprint. AD, MDD, ASD, SCZ, PD, MS, ALS, BD"
Is,2024,6/20/2024,Nature Communications,Alzheimer's Disease,https://pubmed.ncbi.nlm.nih.gov/38902234/,38902234,Temporal Cortex,,78396,24,12,12,
Jakel,2019,1/23/2019,Nature,Multiple Sclerosis,https://pmc.ncbi.nlm.nih.gov/articles/PMC6544546/,30747918,,White Matter,17799,9,5,4,
Johansen,2023,10/13/2023,Science,Epilepsy,https://pubmed.ncbi.nlm.nih.gov/37824649/,37824649,Middle Temporal Gyrus,,400000,75,23,52,"50 participants were having surgery for epilepsy, 23 to have tumors removed, 2 for both"
Kamath,2022,5/5/2022,Nature Neuroscience,Parkinson's Disease,https://pubmed.ncbi.nlm.nih.gov/35513515/,35513515,Substantia Nigra,,387483,16,8,8,
Kaufman,2021,3/12/2021,Med,Multiple Sclerosis,https://pubmed.ncbi.nlm.nih.gov/33748804/,33748804,,CNS-homing Immune Cells,497705,62,31,31,
Kousi,2022,4/22/2022,bioRxiv,Alzheimer's Disease,https://www.biorxiv.org/content/10.1101/2022.04.21.489103v1.full,,Prefrontal Cortex,,4014,36,17,19,The current link is the preprint
Kumar,2022,6/23/2022,Nature Neuroscience,Epilepsy,https://pmc.ncbi.nlm.nih.gov/articles/PMC9276529/,35739273,Various,,85780,6,0,6,No controls
Lau,2020,9/28/2020,Proceedings of the National Academy of the Sciences,Alzheimer's Disease,https://pubmed.ncbi.nlm.nih.gov/32989152/,32989152,Prefrontal Cortex,,169496,21,9,12,
Lee,2023,4/14/2023,Science Advances,Parkinson's Disease,https://pubmed.ncbi.nlm.nih.gov/37058563/,37058563,Substantia Nigra,,113207,12,6,6,
Lee,2024,11/4/2024,medRxiv,Cross-Disorder (Neurodegenerative and Psychiatric),https://www.medrxiv.org/content/10.1101/2024.10.31.24316513v1.full-text,,Prefrontal Cortex,,6320459,1160,319,841,"AD, DLBD, VD, PD, FTD, SCZ, BD, Tau. This is a preprint; the PsychAD project. Some of the participants had two diagnoses. There were 1464 participants, but this was subset to 1160 people with minimal comorbidity (ie, no crossover in diseases) and at least 17 y.o"
Leng,2021,1/11/2021,Nature Neuroscience,Alzheimer's Disease,https://pubmed.ncbi.nlm.nih.gov/33432193/,33432193,"Caudal Entorhinal Cortex, Superior Frontal Gyrus",,100000,10,0,10,"There were no controls in this. Only used males, that were homozygous for APOE epsilon-3"
Lerma-Martin,2024,11/5/2024,Nature Neuroscience,Multiple Sclerosis,https://pubmed.ncbi.nlm.nih.gov/39501036/,39501036,Subcortex,,103794,19,7,12,"8 MS-CA (chronic active lesions), 4 MS-CI (chronic inactive lesions)"
Li,2023,9/15/2023,Nature Communications,Cross-Disorder (Neurodegenerative),https://pubmed.ncbi.nlm.nih.gov/37714849/,37714849,"Motor Cortex, Frontal Cortex",,105120,17,6,11,"ALS, FTD. 6 ALS, 5 FTD. performed sc transcriptomics and epigenomics"
Limone,2024,6/21/2024,Nature Aging,Amyotrophic Lateral Sclerosis,https://pubmed.ncbi.nlm.nih.gov/38907103/,38907103,"Motor Cortex, Premotor Cortex",Grey Matter,79169,8,3,5,
Ling,2024,3/6/2024,Nature,Schizophrenia,https://pubmed.ncbi.nlm.nih.gov/38448582/,38448582,Prefrontal Cortex,,1217965,191,97,94,
Macnair,2024,12/20/2024,Neuron,Multiple Sclerosis,https://pubmed.ncbi.nlm.nih.gov/39708806/,39708806,Various,,632000,82,28,54,
Marinaro,2020,7/14/2020,bioRxiv,Alzheimer's Disease,https://www.biorxiv.org/content/10.1101/2020.07.14.202317v1.full,,Prefrontal Cortex,,89325,16,8,8,The current link is the preprint
Martirosyan,2024,1/20/2024,Molecular Neurodegeneration,Parkinson's Disease,https://pmc.ncbi.nlm.nih.gov/articles/PMC10799528/,38245794,Substantia Nigra,,83484,29,14,15,
Mathys,2019,5/1/2019,Nature,Alzheimer's Disease,https://pmc.ncbi.nlm.nih.gov/articles/PMC6865822/,31042697,Prefrontal Cortex,,80660,48,24,24,
Mathys,2023,9/28/2023,Cell,Alzheimer's Disease,https://pubmed.ncbi.nlm.nih.gov/37774677/,37774677,Prefrontal Cortex,,2359994,427,,,"Participants existed on a gradient of level of AD, and level of cognitive impariment"
Mathys,2024,7/24/2024,Nature,Alzheimer's Disease,https://pubmed.ncbi.nlm.nih.gov/39048816/,39048816,"Entorhinal Cortex, Hippocampus, Anterior Thalamus, Angular Gyrus, Midtemporal Cortex, Prefrontal Cortex",,1350000,48,22,26,
Matira,2023,5/22/2023,Nature Communications,Major Depressive Disorder,https://pubmed.ncbi.nlm.nih.gov/37217515/,37217515,Prefrontal Cortex,,160711,38,18,20,All female participants
Miyoshi,2024,11/22/2024,Nature Genetics,Cross-Disorder (Neurodegenerative),https://pubmed.ncbi.nlm.nih.gov/39578645/,39578645,"Frontal Cortex, Posterior Cingulate Cortex",,585042,146,54,92,"DSAD, ESAD, LSAD. This snRNA-seq study contained 27 original controls and 21 original DSAD. It also integrated 27 more controls, 23 early-stage AD, and 48 late-stage AD from 3 other studies (Morabilo 2021, Mathys 2019, Zhou 2020). This study also separately did spatial transcriptomics."
Morabito,2021,7/8/2021,Nature Genetics,Alzheimer's Disease,https://pubmed.ncbi.nlm.nih.gov/34239132/,34239132,Prefrontal Cortex,,191890,20,8,12,
Nagy,2020,4/27/2020,Nature Neuroscience,Major Depressive Disorder,https://pubmed.ncbi.nlm.nih.gov/32341540/,32341540,Prefrontal Cortex,,78886,34,17,17,
Olah,2020,11/30/2020,Nature Communications,Cross-Disorder (Neurodegenerative),https://pubmed.ncbi.nlm.nih.gov/33257666/,33257666,Prefrontal Cortex,,16242,17,0,17,"TLE, MCI, AD. 3 TLE, 4 MCI, 10 AD. No controls"
Otero-Garcia,2022,9/21/2022,Neuron,Alzheimer's Disease,https://pubmed.ncbi.nlm.nih.gov/35882228/,35882228,Prefrontal Cortex,,137408,12,4,8,
Pfisterer,2020,10/7/2020,Nature Communications,Epilepsy,https://pmc.ncbi.nlm.nih.gov/articles/PMC7541486/,33028830,Temporal Cortex,,101962,19,10,9,See table S1 for patient information
Pineda,2024,4/11/2024,Cell,Cross-Disorder (Neurodegenerative),https://pubmed.ncbi.nlm.nih.gov/38521060/,38521060,"Primary Motor Cortex, Prefrontal Cortex",,625973,73,16,57,"ALS, FTLD. 33 ALS, 24 FTLD, 16 controls"
Prashant,2024,11/23/2024,Scientific Data,Parkinson's Disease,https://pubmed.ncbi.nlm.nih.gov/39580497/,39580497,"Dorsal Motor Nucleus of the Vagus, Globus Pallidus, Motor Cortex, Prefrontal Cortex, Visual Cortex",,2232626,100,25,75,
Reiner,2021,10/11/2021,European Neuropsychopharmacology,Schizophrenia,https://www-sciencedirect-com.myaccess.library.utoronto.ca/science/article/pii/S0924977X21006337,,Prefrontal Cortex,,275000,26,14,12,Published date is claimed to be October 11-15 2021
Renthal,2018,11/19/2018,Nature Neuroscience,Rett Syndrome,https://pubmed.ncbi.nlm.nih.gov/30455458/,30455458,Occipital Cortex,,43558,3,0,3,No controls. There were also experiments on mouse models
Rexach,2024,10/3/2024,Cell,Cross-Disorder (Neurodegenerative),https://pubmed.ncbi.nlm.nih.gov/39265576/,39265576,"Motor Cortex, Insular Cortex, Visual Cortex",,590000,41,10,31,"AD, FTD, PSP. Is cross-disease; 880000 snRNA profiles before QC. 10 had bvFTD and Pick's disease, 10 with AD-type dementia, 11 with PSP-RS, 10 controls"
Ruzicka,2020,11/9/2020,medRxiv,Schizophrenia,http://medrxiv.org/lookup/doi/10.1101/2020.11.06.20225342,,Prefrontal Cortex,,560020,48,24,24,The current link is the preprint
Ruzicka,2024,5/24/2024,Science,Schizophrenia,https://pubmed.ncbi.nlm.nih.gov/38781388/,38781388,Prefrontal Cortex,,468727,140,75,65,This combines two cohorts: McLean and Mount Sinai
Sadick,2022,6/1/2022,Neuron,Alzheimer's Disease,https://pubmed.ncbi.nlm.nih.gov/35381189/,35381189,????,,80247,15,0,15,"Chose individuals with APOEepsilon2/3 genotype, as they have a low risk of contracting AD compared to APOEepsilon4. Is number of AD vs normal even specified here?"
Sayed,2021,12/1/2021,Science Translational Medicine,Alzheimer's Disease,https://pubmed.ncbi.nlm.nih.gov/34851693/,34851693,Mid-Frontal Cortex,,263672,46,0,46,"From individuals with AD carrying the R47H mutation or the common variant (24 R47H, 22 CV)"
Schirmer,2019,7/17/2019,Nature,Multiple Sclerosis,https://pubmed.ncbi.nlm.nih.gov/31316211/,31316211,Various,,48919,21,9,12,
Serrano-Pozo,2024,11/11/2024,Nature Neuroscience,Alzheimer's Disease,https://pubmed.ncbi.nlm.nih.gov/39528672/,39528672,"Entorhinal Cortex, Inferior Temporal Gyrus, Prefrontal Cortex, Secondary Visual Cortex, Primary Visual Cortex",Astrocytes,628943,32,,,Individuals along gradient from normal aging to severe AD
Shwab,2024,7/2/2024,Acta Neuropathological Communications,Parkinson's Disease,https://pubmed.ncbi.nlm.nih.gov/38956662/,38956662,Temporal Cortex,,208081,24,12,12,Looked at transcriptomic and chromatin accessibility sc profiles
Smajic,2021,12/17/2021,Brain,Parkinson's Disease,https://pubmed.ncbi.nlm.nih.gov/34919646/,34919646,Ventral Midbrain,,41435,11,6,5,
Smith,2021,11/12/2021,Acta Neuropathologica,Alzheimer's Disease,https://pubmed.ncbi.nlm.nih.gov/34767070/,34767070,"Entorhinal Cortex, Somatosensory Cortex","Astrocytes, Microglia",80298,12,6,6,
Sorrells,2019,6/21/2019,Nature Communications,Autism Spectrum Disorder,https://pmc.ncbi.nlm.nih.gov/articles/PMC9289873/,31227709,Amygdala,,13289,10,5,5,"See table S2 for individuals and their case/control. Technically ASD, but they really seemed more concerned about devlelopment over pathology"
Tuddenham,2024,10/14/2024,Nature Neuroscience,Cross-Disorder (Neurodegenerative),https://pubmed.ncbi.nlm.nih.gov/39406950/,39406950,"Anterior Watershed White Matter, Frontal Cortex, Primary Motor Cortex, Temporal Cortex, Occipital Cortex, Hippocampus, Thalamus, Substantia Nigra, Facial Motor Nucleus, Spinal Cord",Microglia,215680,74,1,73,"ESAD, LSAD, MCI, ALS, FTD, PD, PSP, DLBD, MS, HD, Stroke, TLE. Only microglia; used BA9 (frontal cortex) as the reference area where possible. 35 LOAD, 2 EOAD, 4 MCI, 9 ALS, 2 ALS/FTD, 1 FTD, 5 DLBD-PD, 3 PSP, 7 TLE, 2 MS, 1 HD, 1 stroke leson, 1 DNET, 1 control"
Velmeshev,2019,5/17/2019,Science,Autism Spectrum Disorder,https://pubmed.ncbi.nlm.nih.gov/31097668/,31097668,"Prefrontal Cortex, Anterior Cingulate Cortex",,104559,31,16,15,
Wang,2024,1/10/2024,Science Advances,Parkinson's Disease,https://pubmed.ncbi.nlm.nih.gov/38198537/,38198537,Substantia Nigra,,315867,32,9,23,"(Recall that in PD, there is loss of dopaminergic neurons in the substantia nigra)"
Wang,2024,6/13/2024,bioRxiv,Cross-Disorder (Neurodegenerative),https://pmc.ncbi.nlm.nih.gov/articles/PMC9882184/,36711601,Prefrontal Cortex,,88205,26,7,19,The current link is the preprint
Yang,2021,6/21/2021,Nature,COVID-19,https://pubmed.ncbi.nlm.nih.gov/34153974/,34153974,"Frontal Cortex, Choroid Plexus",,65309,22,14,8,
Yang,2022,2/14/2022,Nature,Alzheimer's Disease,https://pmc.ncbi.nlm.nih.gov/articles/PMC9635042/,35165441,"Hippocampus, Cortex",,143793,17,8,9,
Zhang,2024,5/28/2024,Journal of Neuroinflammation,Perihematomal Edema,https://pubmed.ncbi.nlm.nih.gov/38807233/,38807233,Patients' Perihematomal Regions,,31722,9,,9,"Perihematomal edema is after post-intracerebral hemorrhage in basal ganglia. Patients were split into 3 groups of 3 people each, divided based on time since their intracerebral hemorrhage. I dont know how there is a range of how many cells they still had after QC, maybe look into this."
Zhou,2020,1/13/2020,Nature Medicine,Alzheimer's Disease,https://pmc.ncbi.nlm.nih.gov/articles/PMC6980793/,31932797,Prefrontal Cortex,,66311,32,11,21,"There were some experiments for mice, but the numbers listed are for humans. Alzheimer's Disease: 11 AD with a common variant of TREM2, 10 AD with the R62H variant"
Zhu,2024,10/30/2024,Science Translational Medicine,Parkinson's Disease,https://pubmed.ncbi.nlm.nih.gov/39475571/,39475571,Prefrontal Cortex,,77384,12,6,6,
Zou,2024,2/5/2024,Pharmacological Research,Alzheimer's Disease,https://pubmed.ncbi.nlm.nih.gov/38325728/,38325728,"Prefrontal Cortex, Internal Olfactory Cortex, Superior Parietal Lobe, Superior Frontal Gyrus, Caudal Internal Olfactory Cortex, Somatosensory Cortex, Hippocampus, Superior Frontal Cortex, Peripheral Blood Mononuclear Cells",,911548,168,83,85,This also used some of Mathys 2019's data
